<?xml version="1.0" encoding="UTF-8"?>
<project-private xmlns="http://www.netbeans.org/ns/project-private/1">
    <editor-bookmarks xmlns="http://www.netbeans.org/ns/editor-bookmarks/2" lastBookmarkId="0"/>
    <open-files xmlns="http://www.netbeans.org/ns/projectui-open-files/2">
        <group>
            <file>file:/C:/Program%20Files%20(x86)/Ampps/www/SNM-onTrack/template/footer.html</file>
            <file>file:/C:/Program%20Files%20(x86)/Ampps/www/SNM-onTrack/index.php</file>
            <file>file:/C:/Program%20Files%20(x86)/Ampps/www/SNM-onTrack/includes/functions.php</file>
            <file>file:/C:/Program%20Files%20(x86)/Ampps/www/SNM-onTrack/template/pages/search.html</file>
            <file>file:/C:/Program%20Files%20(x86)/Ampps/www/SNM-onTrack/template/signin.html</file>
            <file>file:/C:/Program%20Files%20(x86)/Ampps/www/SNM-onTrack/template/pages/dashboard.html</file>
            <file>file:/C:/Program%20Files%20(x86)/Ampps/www/SNM-onTrack/template/header.html</file>
            <file>file:/C:/Program%20Files%20(x86)/Ampps/www/SNM-onTrack/lang/template_en.po</file>
        </group>
    </open-files>
</project-private>
